Name,Phone,Email,Category,Rating,Reviews,Website,Address
209 NYC Dental,+1 212-355-2290,,,4.9,,https://www.209nycdental.com/?utm_source=google&utm_medium=organic&utm_campaign=gmb,209 E 56th St 1st floor  New York  NY 10022  United States
City Dental Group NYC,+1 212-425-0505,,,4.7,,https://citydentalnyc.com/?utm_source=gbp&utm_medium=organic&utm_campaign=gbp-listing,11 Broadway Lobby 4  New York  NY 10004  United States
New York Dental Office,+1 212-548-3261,,,4.9,,https://www.newyorkdentaloffice.com/,245 E 63rd St #110  New York  NY 10065  United States
Pearl Dental NYC,+1 212-344-9317,,,5.0,,https://www.pearldentalnyc.com/,233 Broadway Ste 1801  New York  NY 10279  United States
NYC Smile Spa,+1 646-374-2242,,,4.9,,https://www.nycsmilespa.com/,30 E 60th St Ste 1201  New York  NY 10022  United States
Village Dental NYC,+1 551-203-9134,,,4.8,,https://villagedentalnyc.com/,77 E 12th St  New York  NY 10003  United States
New York General Dentistry,+1 212-838-0842,,,,,https://newyorkgeneraldentistry.com/?utm_source=GMBlisting&utm_medium=organic,133 E 58th St Ste 409  New York  NY 10022  United States
Sky Dental,+1 212-600-1996,,,4.9,,https://skydentalnyc.com/?utm_campaign=gmb,111 Broadway Suite 1304  New York  NY 10006  United States
SoHo Dental Group NYC,+1 212-878-7646,,,4.8,,https://sohodentalgroup.com/?utm_campaign=gmb&utm_medium=organic&utm_source=gmb,552 Broadway #505  New York  NY 10012  United States
Advanced Dental Arts NYC,+1 212-388-1170,,,4.8,,https://advanceddentalartsnyc.com/,55 E 9th St  New York  NY 10003  United States
Soho Smile,+1 212-334-7330,,,4.9,,https://www.sohosmile.com/,206 Spring St 5th Floor  New York  NY 10012  United States
172 NYC Dental,+1 646-921-5541,,,4.8,,https://172nycdental.com/?utm_source=google&utm_medium=organic&utm_campaign=gmb,172 Madison Ave Comm 1  New York  NY 10016  United States
Wall Street Dental Spa - Financial District,+1 212-514-5514,,,4.8,,https://wallstdentalspanyc.com/,30 Wall St #720  New York  NY 10005  United States
My NYC Dentist - Hudson Street Dental,+1 212-359-0064,,,4.9,,https://www.mynyc-dentist.com/,90 Vandam St  New York  NY 10013  United States
Making You Smile Cosmetic Dentist Studio NYC: Dr. Ziad Jalbout DDS,+1 646-846-4645,,,4.9,,https://makingyousmile.nyc/?utm_source=GMB&utm_medium=WebsiteURL,36 E 36th St #1D  New York  NY 10016  United States
Expert Dental - Midtown,+1 212-763-3383,,,4.5,,https://www.expertdentalnyc.com/,110 E 40th St #104  New York  NY 10016  United States
Tribeca Dental Care,+1 212-431-4582,,,4.8,,https://tribecanydentistoffice.com/?utm_source=google&utm_medium=organic&utm_campaign=gbp,402 Broadway  New York  NY 10013  United States
Sachar Dental NYC,+1 212-752-1163,,,5.0,,https://www.sachardental.com/,20 E 46th St Rm 1301  New York  NY 10017  United States
Studio Smiles NYC,+1 646-470-1376,,,4.9,,http://www.studiosmilesnyc.com/,41 Park Ave #1C  New York  NY 10016  United States
